{"cameraMode":{"drawMode":0,"name":"Shaded","section":"Shading Mode"},"sceneLighting":false,"audioPlay":false,"sceneViewState":{"showFog":true,"showMaterialUpdate":false,"showSkybox":false,"showFlares":true,"showImageEffects":true,"showParticleSystems":true},"in2DMode":false,"pivot":{"x":-10.240180969238282,"y":3.9343299865722658,"z":3.337686538696289},"rotation":{"x":-0.19811788201332093,"y":0.7253053188323975,"z":-0.23298302292823792,"w":-0.6167661547660828},"size":91.25395202636719,"orthographic":false}