{"cameraMode":{"drawMode":0,"name":"Shaded","section":"Shading Mode"},"sceneLighting":false,"audioPlay":false,"sceneViewState":{"showFog":true,"showMaterialUpdate":false,"showSkybox":false,"showFlares":true,"showImageEffects":true,"showParticleSystems":true},"in2DMode":false,"pivot":{"x":8.784515380859375,"y":1.2899999618530274,"z":7.6893391609191898},"rotation":{"x":-0.07223659753799439,"y":0.7474746704101563,"z":-0.0824114978313446,"w":-0.6551884412765503},"size":2.853790521621704,"orthographic":false}