{"cameraMode":{"drawMode":0,"name":"Shaded","section":"Shading Mode"},"sceneLighting":false,"audioPlay":false,"sceneViewState":{"showFog":true,"showMaterialUpdate":false,"showSkybox":false,"showFlares":true,"showImageEffects":true,"showParticleSystems":true},"in2DMode":false,"pivot":{"x":8.833464622497559,"y":1.1160000562667847,"z":0.9441336393356323},"rotation":{"x":-0.07223659753799439,"y":0.7474746704101563,"z":-0.0824114978313446,"w":-0.6551884412765503},"size":2.8901097774505617,"orthographic":false}