{"cameraMode":{"drawMode":0,"name":"Shaded","section":"Shading Mode"},"sceneLighting":false,"audioPlay":false,"sceneViewState":{"showFog":true,"showMaterialUpdate":false,"showSkybox":false,"showFlares":true,"showImageEffects":true,"showParticleSystems":true},"in2DMode":false,"pivot":{"x":-3.555797576904297,"y":6.095556259155273,"z":-2.467069387435913},"rotation":{"x":-0.07223659753799439,"y":0.7474746704101563,"z":-0.0824114978313446,"w":-0.6551884412765503},"size":20.560871124267579,"orthographic":false}