{"cameraMode":{"drawMode":0,"name":"Shaded","section":"Shading Mode"},"sceneLighting":false,"audioPlay":false,"sceneViewState":{"showFog":true,"showMaterialUpdate":false,"showSkybox":false,"showFlares":true,"showImageEffects":true,"showParticleSystems":true},"in2DMode":false,"pivot":{"x":-19.021774291992189,"y":2.9729678630828859,"z":19.731351852416993},"rotation":{"x":-0.19811788201332093,"y":0.7253053188323975,"z":-0.23298302292823792,"w":-0.6167661547660828},"size":14.330771446228028,"orthographic":false}