{"cameraMode":{"drawMode":0,"name":"Shaded","section":"Shading Mode"},"sceneLighting":false,"audioPlay":false,"sceneViewState":{"showFog":true,"showMaterialUpdate":false,"showSkybox":false,"showFlares":true,"showImageEffects":true,"showParticleSystems":true},"in2DMode":false,"pivot":{"x":531.5331420898438,"y":-152.19091796875,"z":832.8369140625},"rotation":{"x":-0.20140913128852845,"y":-0.01116899773478508,"z":0.0022967318072915079,"w":-0.9794408679008484},"size":1762.061279296875,"orthographic":false}